"","Group","PB","M0","F.Groundfish.catch","F.Scallop.catch","M2.Marine.Mammals","M2.Piscivores","M2.Benthivores","M2.Planktivores","M2.Benthos","M2.Zooplankton","M2.Phytoplankton"
"1","Marine Mammals",0.03,0.03,0,0,0,0,0,0,0,0,0
"2","Piscivores",0.4,0.13,0.21,0,0.06,0,0,0,0,0,0
"3","Benthivores",0.6,0.049090909090909,0.0127272727272727,0.0581818181818182,0.0436363636363636,0.436363636363636,0,0,0,0,0
"4","Planktivores",0.6,0.143333333333333,0.0166666666666667,0,0.04,0.4,0,0,0,0,0
"5","Benthos",2,0.0949999999999998,0,0.205,0,0.16,1.54,0,0,0,0
"6","Zooplankton",10,8.28,0,0,0.024,0.064,0.176,0.336,1.12,0,0
"7","Phytoplankton",150,135.166,0,0,0,0,0,0.024,0.56,14.25,0
"8","Detritus",NA,NA,NA,NA,0,0,2.2,2.4,14,37.5,0
