StanzaName,JuvNum,AduNum,RecAge,RecMonth,VonBK,AduZ_BAB,JuvZ_BAB,VonBD,Wmat50,Wmat001,Amat50,Amat001,RecPower
Roundfish1,4,5,2,0,0.145,0.48,0.48,0.666666667,0.076923077,0.057692308,4,-1000000,1
Roundfish2,6,7,2,0,0.295,0.32,0.32,0.666666667,0.56,0.42,4,-1000000,1
Flatfish1,8,9,2,0,0.112,0.28,0.28,0.666666667,0.32,0.24,4,-1000000,1
Flatfish2,10,11,2,0,0.105,0.305,0.305,0.666666667,0.34,0.22,4,-1000000,1
