StanzaName,JuvNum,AduNum,RecAge,RecMonth,VonBK,AduZ_BAB,JuvZ_BAB,VonBD,Wmat50,Wmat001,Amat50,Amat001,RecPower
Roundfish1,3,4,2,0,0.145,0.42,2.026288,0.666666667,0.076923077,0.0577,4,-1000000,1
Roundfish2,5,6,2,0,0.295285134,0.425,2.1,0.666666667,0.561075444,0.420806583,4,-1000000,1
Flatfish1,7,8,2,0,0.076054447,0.26,1.5,0.666666667,0.117205229,0.087903921,4,-1000000,1
Flatfish2,9,10,4,0,0.112012745,0.18,1.1,0.666666667,0.321107494,0.240830621,8,-1000000,1
