StanzaName,JuvNum,AduNum,RecAge,RecMonth,VonBK,AduZ_BAB,JuvZ_BAB,VonBD,Wmat50,Wmat001,Amat50,Amat001,RecPower
Roundfish1,4,5,2,0,0.145,0.48,1,0.666666667,0.03,0.0001,4,-1000000,1
Roundfish2,6,7,2,0,0.295,0.32,1,0.666666667,0.09,0.0001,4,-1000000,1
Flatfish1,8,9,2,0,0.112,0.28,1,0.666666667,0.09,0.0001,4,-1000000,1
Flatfish2,10,11,2,0,0.105,0.305,1,0.666666667,0.09,0.0001,4,-1000000,1
