StanzaName,JuvNum,AduNum,RecAge,RecMonth,VonBK,AduZ_BAB,JuvZ_BAB,VonBD,Wmat50,Wmat001,Amat50,Amat001,RecPower
Roundfish1,4,5,2,0,0.145,0.42,2.026,0.666666667,0.0769,0.0577,4,-1000000,1
Roundfish2,6,7,2,0,0.295,0.425,2.1,0.666666667,0.561,0.421,4,-1000000,1
Flatfish1,8,9,2,0,0.0761,0.26,1.5,0.666666667,0.117,0.0879,4,-1000000,1
Flatfish2,10,11,4,0,0.112,0.18,1.1,0.666666667,0.321,0.241,8,-1000000,1
