StanzaName,JuvNum,AduNum,RecAge,RecMonth,VonBK,AduZ_BAB,JuvZ_BAB,VonBD,Wmat50,Wmat001,Amat50,Amat001,RecPower
Roundfish1,4,5,2,0,0.23,0.42,2.026,0.666666667,0.6,5.00E-002,5,-1000000,1
Roundfish2,6,7,2,0,0.2,0.32,2.1,0.666666667,0.393,0.05,4,-1000000,1
Flatfish1,8,9,2,0,0.32,0.18,1.1,0.666666667,0.402,0.05,4,-1000000,1
Flatfish2,10,11,2,0,0.34,0.26,1.5,0.666666667,0.49,0.05,4,-1000000,1
